recipient_household,recipient_yaml,ue_annual_kwh,boiler_annual_kwh,target_consumption_kwh,donor_household,donor_pv_profile,donor_original_pv_kwh,pv_scale_factor,scaled_pv_annual_kwh,difference_kwh,relative_difference_pct,new_pv_profile
load_0420144653449093,load_0420144653449093.yaml,9360.601,1839.8835000000001,11200.4845,load_0420144888381069,130,11033.483999999999,1.0151357902907188,11200.484499999999,-1.8189894035458565e-12,-1.6240274280508635e-14,pv_v3_load_0420144653449093
load_0420144888315704,load_0420144888315704.yaml,2479.55075,1295.509,3775.05975,load_0420144653476012,13,4068.8734999999997,0.9277899030284427,3775.05975,0.0,0.0,pv_v3_load_0420144888315704
load_0420144888295341,load_0420144888295341.yaml,3036.1485000000002,1758.54775,4794.69625,load_0420144653422463,6,4668.791499999999,1.0269673104913768,4794.69625,0.0,0.0,pv_v3_load_0420144888295341
load_0420144888340898,load_0420144888340898.yaml,2569.03825,2687.8684999999996,5256.90675,load_0420144888439778,155,5514.924499999999,0.9532146360299223,5256.90675,0.0,0.0,pv_v3_load_0420144888340898
load_0420144888460007,load_0420144888460007.yaml,7026.5824999999995,1752.3574999999998,8778.939999999999,load_0420144888369999,76,8513.524500000001,1.0311757486573272,8778.939999999999,0.0,0.0,pv_v3_load_0420144888460007
load_0420144888377089,load_0420144888377089.yaml,2261.73025,2646.4135,4908.14375,load_0420144888369970,74,4588.4625,1.0696706685518298,4908.14375,0.0,0.0,pv_v3_load_0420144888377089
load_0420144888444271,load_0420144888444271.yaml,3398.556,1481.5685,4880.1245,load_0420144888369970,74,4588.4625,1.0635642113235098,4880.1245,0.0,0.0,pv_v3_load_0420144888444271
load_0420144888481697,load_0420144888481697.yaml,1846.6105,2054.2599999999998,3900.8705,load_0420144653476012,13,4068.8734999999997,0.9587101933741613,3900.8705,0.0,0.0,pv_v3_load_0420144888481697
load_0420144888447785,load_0420144888447785.yaml,2342.7725,1510.9949999999997,3853.7675,load_0420144653478240,45,3769.0135,1.0224870513199276,3853.7675,0.0,0.0,pv_v3_load_0420144888447785
load_0420144888430488,load_0420144888430488.yaml,1172.1540000000002,1324.02975,2496.18375,load_0420144888317530,119,2493.6800000000003,1.0010040382085912,2496.18375,0.0,0.0,pv_v3_load_0420144888430488
